Model,R²,Adj R²,AIC,BIC,F-statistic,Prob(F)
Model 1,0.8077552132338897,0.8072384261726904,582.1206358787281,589.9691474735572,1563.0329663429789,2.880124240943293e-135
Model 2,0.8341082214939748,0.8327631530196016,530.9803752217283,546.6773984113864,620.1232408503824,6.536760354913153e-144
Model 3,0.8727046916203676,0.8706235694125262,437.93545533853444,465.4052459204362,419.3433179138291,7.060029948253252e-161
